Workbook

Sheet Start Here
B2: The 75-Day Career Upgrade Challenge
B3: From IT support or sysadmin to cloud, SRE, platform or DevOps engineer, in 30 minutes a day, with AI as your study partner.
B5: Explore first. Specialise later.
B6: You don't need Docker, Kubernetes, Terraform, GitHub Actions, pipelines and Generative AI all at once. Nobody uses all of them every day. But you can't choose the path that fits you until you've tried each one. So for 75 days, we explore. Then you pick, and go deep.
B8: How to use this tracker
B9: 1. Daily tab | C9: One row per day. Mark Done? (Yes / Partly / No / Skipped) and add a note when something didn't work.
B10: 2. Weekly tab | C10: The weekly goal is what counts. Missed a few days? You're not out; finish the goal when you can.
B11: 3. Self-check tab | C11: Answer at the start, then at weeks 5, 9 and 11. That's how you'll see your upgrade.
B12: 4. Projects tab | C12: Your three portfolio projects and their links.
B13: 5. Progress tab | C13: Updates itself.
B15: The rules
B16: Time | C16: 30 minutes a day, 5 days a week. One longer build session (about 60 min) at the weekend. One day to catch up or rest.
B17: Missed days | C17: Weekly goals, not daily punishment. Nobody restarts from Day 1.
B18: Skipping | C18: Each week says who can skip it. If you've honestly ruled a topic out, skip to the next week.
B19: Levels | C19: Starter → Working → Intermediate. Nobody becomes an 'expert' in 75 days, and we don't pretend otherwise.
B21: Links
B22: Weekly lessons (live, always current) | C22: https://github.com/TechSckoolByVijay/75-day-career-upgrade#the-map
B23: Exercises and projects | C23: https://github.com/TechSckoolByVijay/75-day-career-upgrade
B24: Weekly check-in (2 min) | C24: (weekly check-in form link added at launch)
B25: Go deeper (challenge price) | C25: https://www.readyforprod.cloud/bundles/ai-enabled-devops-sre?coupon=UPGRADE75
B26: Courses in the Daily tab | C26: Optional. Every task can be done with the free resource. Already own one of these courses on Udemy? Use it there, the topic is the same.
B28: My goal
B29: In 75 days I want to be able to…
B30: …so that…
B31: My Day 1 date
B33: Tracker version | C33: v1.2 (Oct 2026). Content lives in the weekly lessons, so it updates without downloading again.

Sheet Progress
B1: My progress
B2: Days done (Yes) | C2: =COUNTIFS(Daily!A6:A80,">=1",Daily!H6:H80,"Yes")
B3: Days partly done | C3: =COUNTIF(Daily!H6:H80,"Partly")
B4: Challenge complete | C4: =C2/75
B5: Minutes invested | C5: =SUM(Daily!I2:I80)
B6: Hours invested | C6: =ROUND(C5/60,1)
B7: Weekly goals met | C7: =COUNTIF(Weekly!H3:H13,"Yes")&" of 11"
B8: Projects done | C8: =COUNTIF(Projects!D2:D4,"Done")&" of 3"
B10: Days done by week
B11: Week 1: Foundations: Linux, Git, AI as your study partner | C11: =COUNTIFS(Daily!B6:B80,1,Daily!H6:H80,"Yes")
B12: Week 2: Docker | C12: =COUNTIFS(Daily!B6:B80,2,Daily!H6:H80,"Yes")
B13: Week 3: Kubernetes I | C13: =COUNTIFS(Daily!B6:B80,3,Daily!H6:H80,"Yes")
B14: Week 4: Kubernetes II: production basics | C14: =COUNTIFS(Daily!B6:B80,4,Daily!H6:H80,"Yes")
B15: Week 5: Checkpoint 1: projects + self-check | C15: =COUNTIFS(Daily!B6:B80,5,Daily!H6:H80,"Yes")
B16: Week 6: CI/CD with GitHub Actions | C16: =COUNTIFS(Daily!B6:B80,6,Daily!H6:H80,"Yes")
B17: Week 7: Cloud for admins (Azure) | C17: =COUNTIFS(Daily!B6:B80,7,Daily!H6:H80,"Yes")
B18: Week 8: Terraform (infrastructure as code) | C18: =COUNTIFS(Daily!B6:B80,8,Daily!H6:H80,"Yes")
B19: Week 9: Checkpoint 2: end-to-end project | C19: =COUNTIFS(Daily!B6:B80,9,Daily!H6:H80,"Yes")
B20: Week 10: AI in DevOps and SRE | C20: =COUNTIFS(Daily!B6:B80,10,Daily!H6:H80,"Yes")
B21: Week 11: Capstone + pick your path | C21: =COUNTIFS(Daily!B6:B80,11,Daily!H6:H80,"Yes")

Sheet Daily
A1: Day | B1: Week | C1: Type | D1: Explore | E1: Today's task (about 30 min) | F1: Free resource | G1: In our courses (optional, faster) | H1: Done? | I1: Minutes | J1: My notes (what worked, what didn't)
A2: 0.1 | B2: 0 | C2: Setup | D2: Setup + where am I today? | E2: Install Git, VS Code, Docker Desktop, kubectl and kind. Create free GitHub and ChatGPT/Claude accounts. | F2: https://github.com/TechSckoolByVijay/75-day-career-upgrade/tree/main/week-00-setup
A3: 0.2 | B3: 0 | C3: Setup | D3: Setup + where am I today? | E3: Run the 'check it works' commands: docker run hello-world, create and delete a kind cluster. | F3: https://github.com/TechSckoolByVijay/75-day-career-upgrade/tree/main/week-00-setup
A4: 0.3 | B4: 0 | C4: Self-check | D4: Setup + where am I today? | E4: Answer the 12 'Can I…?' questions in the Self-check tab (Start column). Be honest; nobody sees it but you.
A5: 0.4 | B5: 0 | C5: Goal | D5: Setup + where am I today? | E5: Write your one-sentence goal in the Start Here tab.
A6: 1 | B6: 1 | C6: Learn | D6: Foundations: Linux, Git, AI as your study partner | E6: Terminal basics: pwd, ls, cd, mkdir, touch, cp, mv, rm. Practise until moving around feels normal. | F6: https://ubuntu.com/tutorials/command-line-for-beginners | G6: Not in our courses yet. The free resource is enough.
A7: 2 | B7: 1 | C7: Learn | D7: Foundations: Linux, Git, AI as your study partner | E7: Working with text: cat, less, head, tail, grep, pipes ( | ) and redirection ( > ). | F7: https://linuxjourney.com/ | G7: Not in our courses yet. The free resource is enough.
A8: 3 | B8: 1 | C8: Learn | D8: Foundations: Linux, Git, AI as your study partner | E8: Permissions, processes and environment variables: chmod, ps, top, export, PATH. | F8: https://linuxjourney.com/ | G8: Not in our courses yet. The free resource is enough.
A9: 4 | B9: 1 | C9: Learn | D9: Foundations: Linux, Git, AI as your study partner | E9: Git basics: init, add, commit, status, log. Create a GitHub repo and push your first commit. | F9: https://docs.github.com/en/get-started/start-your-journey/hello-world | G9: Not in our courses yet. The free resource is enough.
A10: 5 | B10: 1 | C10: Learn | D10: Foundations: Linux, Git, AI as your study partner | E10: AI as your study partner: give context + the exact error + your goal; check its answer; never paste passwords, keys or company data. | F10: https://vijaysaini.com/blog-post.html?slug=ai-at-work-01-fit-in-dont-replace | G10: ChatGPT for DevOps: "Leveraging ChatGPT - Ask to Explain the Code"
A11: 6 | B11: 1 | C11: Build (60 min) | D11: Foundations: Linux, Git, AI as your study partner | E11: Write a small shell script that shows disk usage and the 5 largest files in a folder. Push it to GitHub. Ask AI to review it and explain one improvement. | G11: ChatGPT for DevOps: "Harnessing the Power of ChatGPT - Coding with ChatGPT"
A12: 7 | B12: 1 | C12: Catch up / rest | D12: Foundations: Linux, Git, AI as your study partner | E12: Finish anything left from the week. Write your weekly reflection in the Weekly tab.
A13: 8 | B13: 2 | C13: Learn | D13: Docker | E13: Containers vs virtual machines. Run nginx: docker run -p 8080:80 nginx, then open localhost:8080. | F13: https://docs.docker.com/get-started/ | G13: Not in our courses yet. The free resource is enough.
A14: 9 | B14: 2 | C14: Learn | D14: Docker | E14: Images and containers: docker ps, images, logs, exec, stop, rm. Look inside a running container. | F14: https://docs.docker.com/get-started/ | G14: Not in our courses yet. The free resource is enough.
A15: 10 | B15: 2 | C15: Learn | D15: Docker | E15: Write a Dockerfile for a tiny Python app (or read the Notes app's Dockerfile line by line), build it and run it. | F15: https://docs.docker.com/get-started/workshop/ | G15: ChatGPT for DevOps: "Use ChatGPT for Generating Dockerfile"
A16: 11 | B16: 2 | C16: Learn | D16: Docker | E16: Environment variables, volumes and .dockerignore: keep secrets OUT of the image. | F16: https://docs.docker.com/build/concepts/context/#dockerignore-files | G16: Not in our courses yet. The free resource is enough.
A17: 12 | B17: 2 | C17: Learn | D17: Docker | E17: Run 2 containers together: the Notes app + Redis, first with docker network, then with Docker Compose. | F17: https://docs.docker.com/compose/gettingstarted/ | G17: Not in our courses yet. The free resource is enough.
A18: 13 | B18: 2 | C18: Build (60 min) | D18: Docker | E18: Containerise your own small app (or the Notes app in the repo) and push the image to Docker Hub or GitHub Container Registry. Ask AI to review your Dockerfile for security problems. | F18: https://github.com/TechSckoolByVijay/75-day-career-upgrade/tree/main/apps/notes-app | G18: ChatGPT for DevOps: "Use ChatGPT for Generating Dockerfile (use it to review yours)"
A19: 14 | B19: 2 | C19: Catch up / rest | D19: Docker | E19: Finish the week. Weekly reflection.
A20: 15 | B20: 3 | C20: Learn | D20: Kubernetes I | E20: Why Kubernetes exists. Create a kind cluster; kubectl get nodes; kubectl explain pod. | F20: https://kubernetes.io/docs/tutorials/kubernetes-basics/ | G20: Hands On Kubernetes: "Introduction to Kubernetes project & basic commands overview"
A21: 16 | B21: 3 | C21: Learn | D21: Kubernetes I | E21: Pods: run one, describe it, read its logs, delete it. Read a pod YAML line by line. | F21: https://kubernetes.io/docs/concepts/workloads/pods/ | G21: Hands On Kubernetes: "Introduction to Kubernetes project & basic commands overview"
A22: 17 | B22: 3 | C22: Learn | D22: Kubernetes I | E22: Deployments: create, scale, roll out a new version, roll back. | F22: https://kubernetes.io/docs/concepts/workloads/controllers/deployment/ | G22: Hands On Kubernetes: "Kubernetes Deployments: Streamlining Application Deployment"
A23: 18 | B23: 3 | C23: Learn | D23: Kubernetes I | E23: Services, labels and selectors: ClusterIP vs NodePort; kubectl port-forward. | F23: https://kubernetes.io/docs/concepts/services-networking/service/ | G23: Hands On Kubernetes: "Project Lab: Scaling a Multi-Tier Web Application"
A24: 19 | B24: 3 | C24: Learn | D24: Kubernetes I | E24: Namespaces and kubectl productivity: -o wide, -o yaml, get events, describe. | F24: https://kubernetes.io/docs/reference/kubectl/quick-reference/ | G24: Hands On Kubernetes: "Introduction to Kubernetes project & basic commands overview"
A25: 20 | B25: 3 | C25: Build (60 min) | D25: Kubernetes I | E25: Deploy your Week 2 image to kind with a Deployment + Service. Break it on purpose (wrong image tag) and fix it using describe and events. | F25: https://github.com/TechSckoolByVijay/75-day-career-upgrade/tree/main/week-03-kubernetes-1 | G25: k8s Production Readiness: "k8s live troubleshooting, parts 1-4"
A26: 21 | B26: 3 | C26: Catch up / rest | D26: Kubernetes I | E26: Finish the week. Weekly reflection.
A27: 22 | B27: 4 | C27: Learn | D27: Kubernetes II: production basics | E27: Opens when Week 4 starts: see the Week 4 lesson. (Kubernetes II: production basics) | F27: https://github.com/TechSckoolByVijay/75-day-career-upgrade/tree/main/week-04-kubernetes-2 | G27: Hands On Kubernetes: "Resource Requests & Limits; ConfigMaps and Secrets; Persistent Volumes" · k8s Production Readiness: "Production Incident Response & Live Troubleshooting"
A28: 23 | B28: 4 | C28: Learn | D28: Kubernetes II: production basics | E28: Opens when Week 4 starts: see the Week 4 lesson. (Kubernetes II: production basics) | F28: https://github.com/TechSckoolByVijay/75-day-career-upgrade/tree/main/week-04-kubernetes-2 | G28: Hands On Kubernetes: "Resource Requests & Limits; ConfigMaps and Secrets; Persistent Volumes" · k8s Production Readiness: "Production Incident Response & Live Troubleshooting"
A29: 24 | B29: 4 | C29: Learn | D29: Kubernetes II: production basics | E29: Opens when Week 4 starts: see the Week 4 lesson. (Kubernetes II: production basics) | F29: https://github.com/TechSckoolByVijay/75-day-career-upgrade/tree/main/week-04-kubernetes-2 | G29: Hands On Kubernetes: "Resource Requests & Limits; ConfigMaps and Secrets; Persistent Volumes" · k8s Production Readiness: "Production Incident Response & Live Troubleshooting"
A30: 25 | B30: 4 | C30: Learn | D30: Kubernetes II: production basics | E30: Opens when Week 4 starts: see the Week 4 lesson. (Kubernetes II: production basics) | F30: https://github.com/TechSckoolByVijay/75-day-career-upgrade/tree/main/week-04-kubernetes-2 | G30: Hands On Kubernetes: "Resource Requests & Limits; ConfigMaps and Secrets; Persistent Volumes" · k8s Production Readiness: "Production Incident Response & Live Troubleshooting"
A31: 26 | B31: 4 | C31: Learn | D31: Kubernetes II: production basics | E31: Opens when Week 4 starts: see the Week 4 lesson. (Kubernetes II: production basics) | F31: https://github.com/TechSckoolByVijay/75-day-career-upgrade/tree/main/week-04-kubernetes-2 | G31: Hands On Kubernetes: "Resource Requests & Limits; ConfigMaps and Secrets; Persistent Volumes" · k8s Production Readiness: "Production Incident Response & Live Troubleshooting"
A32: 27 | B32: 4 | C32: Build (60 min) | D32: Kubernetes II: production basics | E32: Opens when Week 4 starts: see the Week 4 lesson. (Kubernetes II: production basics) | F32: https://github.com/TechSckoolByVijay/75-day-career-upgrade/tree/main/week-04-kubernetes-2 | G32: Hands On Kubernetes: "Resource Requests & Limits; ConfigMaps and Secrets; Persistent Volumes" · k8s Production Readiness: "Production Incident Response & Live Troubleshooting"
A33: 28 | B33: 4 | C33: Catch up / rest | D33: Kubernetes II: production basics | E33: Opens when Week 4 starts: see the Week 4 lesson. (Kubernetes II: production basics) | F33: https://github.com/TechSckoolByVijay/75-day-career-upgrade/tree/main/week-04-kubernetes-2 | G33: Hands On Kubernetes: "Resource Requests & Limits; ConfigMaps and Secrets; Persistent Volumes" · k8s Production Readiness: "Production Incident Response & Live Troubleshooting"
A34: 29 | B34: 5 | C34: Learn | D34: Checkpoint 1: projects + self-check | E34: Opens when Week 5 starts: see the Week 5 lesson. (Checkpoint 1: projects + self-check) | F34: https://github.com/TechSckoolByVijay/75-day-career-upgrade/tree/main/week-05-checkpoint-1 | G34: Hands On Kubernetes: "Project Lab: Scaling a Multi-Tier Web Application"
A35: 30 | B35: 5 | C35: Learn | D35: Checkpoint 1: projects + self-check | E35: Opens when Week 5 starts: see the Week 5 lesson. (Checkpoint 1: projects + self-check) | F35: https://github.com/TechSckoolByVijay/75-day-career-upgrade/tree/main/week-05-checkpoint-1 | G35: Hands On Kubernetes: "Project Lab: Scaling a Multi-Tier Web Application"
A36: 31 | B36: 5 | C36: Learn | D36: Checkpoint 1: projects + self-check | E36: Opens when Week 5 starts: see the Week 5 lesson. (Checkpoint 1: projects + self-check) | F36: https://github.com/TechSckoolByVijay/75-day-career-upgrade/tree/main/week-05-checkpoint-1 | G36: Hands On Kubernetes: "Project Lab: Scaling a Multi-Tier Web Application"
A37: 32 | B37: 5 | C37: Learn | D37: Checkpoint 1: projects + self-check | E37: Opens when Week 5 starts: see the Week 5 lesson. (Checkpoint 1: projects + self-check) | F37: https://github.com/TechSckoolByVijay/75-day-career-upgrade/tree/main/week-05-checkpoint-1 | G37: Hands On Kubernetes: "Project Lab: Scaling a Multi-Tier Web Application"
A38: 33 | B38: 5 | C38: Learn | D38: Checkpoint 1: projects + self-check | E38: Opens when Week 5 starts: see the Week 5 lesson. (Checkpoint 1: projects + self-check) | F38: https://github.com/TechSckoolByVijay/75-day-career-upgrade/tree/main/week-05-checkpoint-1 | G38: Hands On Kubernetes: "Project Lab: Scaling a Multi-Tier Web Application"
... A80: 75 | B80: 11 | C80: Wrap-up | D80: Capstone + pick your path | E80: Opens when Week 11 starts: see the Week 11 lesson. (Capstone + pick your path) | F80: https://github.com/TechSckoolByVijay/75-day-career-upgrade/tree/main/week-11-capstone | G80: Everything above, at the challenge price: the AI-Enabled DevOps & SRE bundle

Sheet Weekly
A1: Week | B1: Days | C1: Explore | D1: Why it matters | E1: Who can skip | F1: Weekly goal | G1: Go deeper (bundle course) | H1: Goal met? | I1: My weekly reflection
A2: 0 | B2: Before Day 1 | C2: Setup + where am I today? | D2: A working laptop setup removes the #1 reason people quit in week 1. | E2: Nobody. It's short. | F2: Tools installed, a test cluster ran once, baseline self-check done, one-sentence goal written.
A3: 1 | B3: 1–7 | C3: Foundations: Linux, Git, AI as your study partner | D3: Every cloud and DevOps tool assumes you're comfortable in a terminal and with Git. Using AI well makes you learn about 2x faster. | E3: Already comfortable with Linux and Git? Do only Day 5 (AI) and the build day. | F3: Navigate and edit files in a terminal, push a commit to GitHub, and use AI to explain an error safely. | G3: ChatGPT for DevOps: https://www.readyforprod.cloud/courses/chatgpt-for-devops
A4: 2 | B4: 8–14 | C4: Docker | D4: Containers are how modern applications are packaged and shipped, everywhere from startups to banks. | E4: You already build and run containers at work. | F4: Write a Dockerfile, build an image, run it with ports and env vars, and run 2 containers together with Compose. | G4: ChatGPT for DevOps (lecture: Use ChatGPT for Generating Dockerfile): https://www.readyforprod.cloud/courses/chatgpt-for-devops
A5: 3 | B5: 15–21 | C5: Kubernetes I | D5: Most sizable modern applications run on Kubernetes. It's the common ground of platform, SRE, cloud and DevOps work. | E5: Nobody. This is the core of the challenge. | F5: Run a local cluster, deploy your Week 2 image with a Deployment and Service, scale it, roll it back. | G5: Hands On Kubernetes: https://www.readyforprod.cloud/courses/hands-on-kubernetes
A6: 4 | B6: 22–28 | C6: Kubernetes II: production basics | D6: The difference between 'it runs' and 'it's production-ready': config, secrets, health checks, resources, storage. | E6: Nobody. | F6: Add ConfigMap/Secret, probes and requests/limits to your app; know when to use a Job, CronJob or Deployment; use a PVC; solve the 6 Broken Kubernetes exercises. | G6: k8s Production Readiness: https://www.readyforprod.cloud/courses/k8s-production-readiness
A7: 5 | B7: 29–35 | C7: Checkpoint 1: projects + self-check | D7: Proof you can do it, not just watch it. This becomes your first portfolio piece. | E7: Nobody. | F7: Finish Checkpoint 1 project, fix the broken YAML exercise, complete the Week 5 self-check.
A8: 6 | B8: 36–42 | C8: CI/CD with GitHub Actions | D8: Automating build, test and deploy is the heart of DevOps and platform work. | E8: You already maintain pipelines at work. | F8: A pipeline that builds and tests on every push and publishes your container image. | G8: Learning GitHub Actions for DevOps CI/CD: https://www.readyforprod.cloud/courses/learning-github-actions
A9: 7 | B9: 43–49 | C9: Cloud for admins (Azure) | D9: Admin jobs are moving to the cloud. The concepts (networks, identity, resource groups) carry over to every cloud. | E9: Committed to AWS or GCP? Learn the same concepts there instead. | F9: Create and clean up resources, understand VNets and identities (Managed Identity vs Service Principal). | G9: AZ-900 Quick Prep: https://www.readyforprod.cloud/courses/az900-azure-fundamentals · Learning Microsoft Azure: https://www.readyforprod.cloud/courses/learning-microsoft-azure
A10: 8 | B10: 50–56 | C10: Terraform (infrastructure as code) | D10: The modern way enterprises create infrastructure reliably, predictably and repeatably. | E10: Truly never going to touch infrastructure? Try Day 50. If it's honestly not for you, skip to Week 9. | F10: Write, plan, apply and destroy infrastructure with Terraform; understand state and variables. | G10: Terraform For GenAI DevOps Engineer: https://www.readyforprod.cloud/courses/terraform-for-devops
A11: 9 | B11: 57–63 | C11: Checkpoint 2: end-to-end project | D11: End-to-end proof for your CV: pipeline, infrastructure and app working together. | E11: Nobody. | F11: Finish Checkpoint 2 project and the 'find the problems in this pipeline' exercise; Week 9 self-check.
A12: 10 | B12: 64–70 | C12: AI in DevOps and SRE | D12: Where the market is heading. Use AI to troubleshoot faster, and learn to run AI apps as just another workload. | E12: Nobody. | F12: Troubleshoot with AI safely, understand logs vs metrics, run a small AI app as a workload. | G12: ChatGPT for DevOps: https://www.readyforprod.cloud/courses/chatgpt-for-devops · n8n Masterclass: https://www.readyforprod.cloud/courses/n8n-masterclass
A13: 11 | B13: 71–75 | C13: Capstone + pick your path | D13: Turn 75 days into a story you can tell in an interview, and choose where to go deep next. | E13: Nobody. | F13: Capstone done, final self-check, 3 CV bullets written, next path chosen. | G13: The whole path, with your challenge price: https://www.readyforprod.cloud/bundles/ai-enabled-devops-sre?coupon=UPGRADE75

Sheet Self-check
A1: # | B1: Can I… | C1: Start | D1: Week 5 | E1: Week 9 | F1: Week 11
A2: 1 | B2: move around folders and edit files in a Linux terminal?
A3: 2 | B3: clone a Git repo, commit and push a change?
A4: 3 | B4: explain what a container is and how it differs from a VM?
A5: 4 | B5: explain what Kubernetes does, to a friend?
A6: 5 | B6: deploy an app built from a Dockerfile to Kubernetes?
A7: 6 | B7: explain when to use a Job, a CronJob or a Deployment?
A8: 7 | B8: use a PersistentVolumeClaim comfortably?
A9: 8 | B9: say why a Kubernetes YAML is NOT production-ready (probes, limits, secrets, image tags)?
A10: 9 | B10: build a CI/CD pipeline that builds and tests on every push?
A11: 10 | B11: create something in a cloud and clean it up again?
A12: 11 | B12: explain what infrastructure as code means, and use Terraform plan/apply?
A13: 12 | B13: use an AI assistant at work safely, at least once a week?
B15: My level (count of Yes) | C15: =COUNTIF(C2:C13,"Yes") | D15: =COUNTIF(D2:D13,"Yes") | E15: =COUNTIF(E2:E13,"Yes") | F15: =COUNTIF(F2:F13,"Yes")
B16: Level | C16: =IF(C15>=9,"Intermediate",IF(C15>=5,"Working","Starter")) | D16: =IF(D15>=9,"Intermediate",IF(D15>=5,"Working","Starter")) | E16: =IF(E15>=9,"Intermediate",IF(E15>=5,"Working","Starter")) | F16: =IF(F15>=9,"Intermediate",IF(F15>=5,"Working","Starter"))
B18: Levels: 0–4 Yes = Starter · 5–8 = Working · 9–12 = Intermediate. Nobody is an 'expert'; everyone keeps exploring.

Sheet Projects
A1: Project | B1: Opens | C1: Brief | D1: Status | E1: Link to my work
A2: Checkpoint 1: app on Kubernetes | B2: Week 5 | C2: Run the 2-tier Notes app (Flask + Redis) on kind the production-ready way: namespace, Secret, ConfigMap, probes, limits, 2 replicas, and notes that survive a Redis restart (PVC).
A3: Checkpoint 2: end to end | B3: Week 9 | C3: Every push to main tests, builds (SHA-tagged image) and deploys the Notes app onto a platform Terraform creates, with a smoke test that turns the pipeline red if the app is broken. Plus the flawed-pipeline review.
A4: Capstone: AI app to production | B4: Week 11 | C4: Run the Error Explainer AI app like any production workload: secrets never reach the LLM, health checks, metrics, timeouts, a runbook. Then pick your path and write 3 CV bullets.
